case,drug,approved,note,smiles,inchikey,cid,heavy_atoms
ABL1_SRC,imatinib,True,,CC1=C(C=C(C=C1)NC(=O)C2=CC=C(C=C2)CN3CCN(CC3)C)NC4=NC=CC(=N4)C5=CN=CC=C5,KTUFNOKKBVMGRW-UHFFFAOYSA-N,5291,37
ABL1_SRC,nilotinib,True,,CC1=C(C=C(C=C1)C(=O)NC2=CC(=CC(=C2)C(F)(F)F)N3C=C(N=C3)C)NC4=NC=CC(=N4)C5=CN=CC=C5,HHZIURLSWUIHRB-UHFFFAOYSA-N,644241,39
ABL1_SRC,dasatinib,True,,CC1=C(C(=CC=C1)Cl)NC(=O)C2=CN=C(S2)NC3=CC(=NC(=N3)C)N4CCN(CC4)CCO,ZBNZXTGUTAYRHI-UHFFFAOYSA-N,3062316,33
ABL1_SRC,ponatinib,True,,CC1=C(C=C(C=C1)C(=O)NC2=CC(=C(C=C2)CN3CCN(CC3)C)C(F)(F)F)C#CC4=CN=C5N4N=CC=C5,PHXJVRSECIGDHY-UHFFFAOYSA-N,24826799,39
ABL1_SRC,bosutinib,True,,CN1CCN(CC1)CCCOC2=C(C=C3C(=C2)N=CC(=C3NC4=CC(=C(C=C4Cl)Cl)OC)C#N)OC,UBPYILGKFZZVDX-UHFFFAOYSA-N,5328940,36
AKT1_AKT2,capivasertib,True,,C1CN(CCC1(C(=O)N[C@@H](CCO)C2=CC=C(C=C2)Cl)N)C3=NC=NC4=C3C=CN4,JDUBGYFRJFOXQC-KRWDZBQOSA-N,25227436,30
AKT1_AKT2,ipatasertib,False,"investigational, phase 3",C[C@@H]1C[C@H](C2=C1C(=NC=N2)N3CCN(CC3)C(=O)[C@H](CNC(C)C)C4=CC=C(C=C4)Cl)O,GRZXWCHAXNAUHY-NSISKUIASA-N,24788740,32
BRAF_V600E,vemurafenib,True,,CCCS(=O)(=O)NC1=C(C(=C(C=C1)F)C(=O)C2=CNC3=C2C=C(C=N3)C4=CC=C(C=C4)Cl)F,GPXBXXGIAQBQNI-UHFFFAOYSA-N,42611257,33
BRAF_V600E,dabrafenib,True,,CC(C)(C)C1=NC(=C(S1)C2=NC(=NC=C2)N)C3=C(C(=CC=C3)NS(=O)(=O)C4=C(C=CC=C4F)F)F,BFSMGDJOXZAERB-UHFFFAOYSA-N,44462760,35
BRAF_V600E,encorafenib,True,,C[C@@H](CNC1=NC=CC(=N1)C2=CN(N=C2C3=C(C(=CC(=C3)Cl)NS(=O)(=O)C)F)C(C)C)NC(=O)OC,CMJCXYNUCSMDBY-ZDUSSCGKSA-N,50922675,36
BRAF_V600E_alt,vemurafenib,True,,CCCS(=O)(=O)NC1=C(C(=C(C=C1)F)C(=O)C2=CNC3=C2C=C(C=N3)C4=CC=C(C=C4)Cl)F,GPXBXXGIAQBQNI-UHFFFAOYSA-N,42611257,33
BRAF_V600E_alt,dabrafenib,True,,CC(C)(C)C1=NC(=C(S1)C2=NC(=NC=C2)N)C3=C(C(=CC=C3)NS(=O)(=O)C4=C(C=CC=C4F)F)F,BFSMGDJOXZAERB-UHFFFAOYSA-N,44462760,35
BRAF_V600E_alt,encorafenib,True,,C[C@@H](CNC1=NC=CC(=N1)C2=CN(N=C2C3=C(C(=CC(=C3)Cl)NS(=O)(=O)C)F)C(C)C)NC(=O)OC,CMJCXYNUCSMDBY-ZDUSSCGKSA-N,50922675,36
CA2_CA1,acetazolamide,True,,CC(=O)NC1=NN=C(S1)S(=O)(=O)N,BZKPWHYZMXOIDC-UHFFFAOYSA-N,1986,13
CA2_CA1,methazolamide,True,,CC(=O)N=C1N(N=C(S1)S(=O)(=O)N)C,FLOSMHQXBMRNHR-UHFFFAOYSA-N,4100,14
CA2_CA1,dorzolamide,True,,CCN[C@H]1C[C@@H](S(=O)(=O)C2=C1C=C(S2)S(=O)(=O)N)C,IAVUPMFITXYVAF-XPUUQOCRSA-N,5284549,19
CA2_CA1,brinzolamide,True,,CCN[C@H]1CN(S(=O)(=O)C2=C1C=C(S2)S(=O)(=O)N)CCCOC,HCRKCZRJWPKOAR-JTQLQIEISA-N,68844,23
CDK6_CDK2,palbociclib,True,,CC1=C(C(=O)N(C2=NC(=NC=C12)NC3=NC=C(C=C3)N4CCNCC4)C5CCCC5)C(=O)C,AHJRHEGDXFFMBM-UHFFFAOYSA-N,5330286,33
CDK6_CDK2,ribociclib,True,,CN(C)C(=O)C1=CC2=CN=C(N=C2N1C3CCCC3)NC4=NC=C(C=C4)N5CCNCC5,RHXHGRAEPCAFML-UHFFFAOYSA-N,44631912,32
CDK6_CDK2,abemaciclib,True,,CCN1CCN(CC1)CC2=CN=C(C=C2)NC3=NC=C(C(=N3)C4=CC5=C(C(=C4)F)N=C(N5C(C)C)C)F,UZWDCWONPYILKI-UHFFFAOYSA-N,46220502,37
EGFR_T790M,gefitinib,True,,COC1=C(C=C2C(=C1)N=CN=C2NC3=CC(=C(C=C3)F)Cl)OCCCN4CCOCC4,XGALLCVXEZPNRQ-UHFFFAOYSA-N,123631,31
EGFR_T790M,erlotinib,True,,COCCOC1=C(C=C2C(=C1)C(=NC=N2)NC3=CC=CC(=C3)C#C)OCCOC,AAKJLRGGTJKAMG-UHFFFAOYSA-N,176870,29
EGFR_T790M,afatinib,True,,CN(C)C/C=C/C(=O)NC1=C(C=C2C(=C1)C(=NC=N2)NC3=CC(=C(C=C3)F)Cl)O[C@H]4CCOC4,ULXXDDBFHOBEHA-CWDCEQMOSA-N,10184653,34
EGFR_T790M,osimertinib,True,,CN1C=C(C2=CC=CC=C21)C3=NC(=NC=C3)NC4=C(C=C(C(=C4)NC(=O)C=C)N(C)CCN(C)C)OC,DUYJMQONPNNFPI-UHFFFAOYSA-N,71496458,37
EGFR_T790M,dacomitinib,True,,COC1=C(C=C2C(=C1)N=CN=C2NC3=CC(=C(C=C3)F)Cl)NC(=O)/C=C/CN4CCCCC4,LVXJQMNHJWSHET-AATRIKPKSA-N,11511120,33
EGFR_T790M,neratinib,True,,CCOC1=C(C=C2C(=C1)N=CC(=C2NC3=CC(=C(C=C3)OCC4=CC=CC=N4)Cl)C#N)NC(=O)/C=C/CN(C)C,JWNPDZNEKVCWMY-VQHVLOKHSA-N,9915743,40
JAK2_JAK1,ruxolitinib,True,,C1CCC(C1)[C@@H](CC#N)N2C=C(C=N2)C3=C4C=CNC4=NC=N3,HFNKQEVNSGCOJV-OAHLLOKOSA-N,25126798,23
JAK2_JAK1,baricitinib,True,,CCS(=O)(=O)N1CC(C1)(CC#N)N2C=C(C=N2)C3=C4C=CNC4=NC=N3,XUZMWHLSFXCVMG-UHFFFAOYSA-N,44205240,26
JAK2_JAK1,fedratinib,True,,CC1=CN=C(N=C1NC2=CC(=CC=C2)S(=O)(=O)NC(C)(C)C)NC3=CC=C(C=C3)OCCN4CCCC4,JOOXLOJCABQBSG-UHFFFAOYSA-N,16722836,37
JAK2_JAK1,tofacitinib,True,,C[C@@H]1CCN(C[C@@H]1N(C)C2=NC=NC3=C2C=CN3)C(=O)CC#N,UJLAWZDWDVHWOW-YPMHNXCESA-N,9926791,23
KRAS_G12C,sotorasib,True,,C[C@H]1CN(CCN1C2=NC(=O)N(C3=NC(=C(C=C32)F)C4=C(C=CC=C4F)O)C5=C(C=CN=C5C(C)C)C)C(=O)C=C,NXQKSXLFSAEQCZ-SFHVURJKSA-N,137278711,41
KRAS_G12C,adagrasib,True,,CN1CCC[C@H]1COC2=NC3=C(CCN(C3)C4=CC=CC5=C4C(=CC=C5)Cl)C(=N2)N6CCN([C@H](C6)CC#N)C(=O)C(=C)F,PEMUGDMSUDYLHU-ZEQRLZLVSA-N,138611145,43
PARP1_PARP2,olaparib,True,,C1CC1C(=O)N2CCN(CC2)C(=O)C3=C(C=CC(=C3)CC4=NNC(=O)C5=CC=CC=C54)F,FDLYAMZZIXQODN-UHFFFAOYSA-N,23725625,32
PARP1_PARP2,niraparib,True,,C1C[C@H](CNC1)C2=CC=C(C=C2)N3C=C4C=CC=C(C4=N3)C(=O)N,PCHKPVIQAHNQLW-CQSZACIVSA-N,24958200,24
PARP1_PARP2,rucaparib,True,,CNCC1=CC=C(C=C1)C2=C3CCNC(=O)C4=C3C(=CC(=C4)F)N2,HMABYWSNWIZPAG-UHFFFAOYSA-N,9931954,24
PARP1_PARP2,talazoparib,True,,CN1C(=NC=N1)[C@@H]2[C@H](NC3=CC(=CC4=C3C2=NNC4=O)F)C5=CC=C(C=C5)F,HWGQMRYQVZSGDQ-HZPDHXFCSA-N,135565082,28
PIK3CA_PIK3CD,alpelisib,True,,CC1=C(SC(=N1)NC(=O)N2CCC[C@H]2C(=O)N)C3=CC(=NC=C3)C(C)(C)C(F)(F)F,STUWGJZDJHPWGZ-LBPRGKRZSA-N,56649450,30
PIK3CA_PIK3CD,idelalisib,True,,CC[C@@H](C1=NC2=C(C(=CC=C2)F)C(=O)N1C3=CC=CC=C3)NC4=NC=NC5=C4NC=N5,IFSDAJWBUCMOAH-HNNXBMFYSA-N,11625818,31
PIK3CA_PIK3CD,duvelisib,True,,C[C@@H](C1=CC2=C(C(=CC=C2)Cl)C(=O)N1C3=CC=CC=C3)NC4=NC=NC5=C4NC=N5,SJVQHLPISAIATJ-ZDUSSCGKSA-N,50905713,30
PIK3CA_PIK3CD,copanlisib,True,,COC1=C(C=CC2=C3NCCN3C(=NC(=O)C4=CN=C(N=C4)N)N=C21)OCCCN5CCOCC5,MWYDSXOGIBMAET-UHFFFAOYSA-N,135565596,35
PTGS2_PTGS1,celecoxib,True,,CC1=CC=C(C=C1)C2=CC(=NN2C3=CC=C(C=C3)S(=O)(=O)N)C(F)(F)F,RZEKVGVHFLEQIL-UHFFFAOYSA-N,2662,26
PTGS2_PTGS1,rofecoxib,False,withdrawn from market in 2004,CS(=O)(=O)C1=CC=C(C=C1)C2=C(C(=O)OC2)C3=CC=CC=C3,RZJQGNCSTQAWON-UHFFFAOYSA-N,5090,22
PTGS2_PTGS1,etoricoxib,True,,CC1=NC=C(C=C1)C2=C(C=C(C=N2)Cl)C3=CC=C(C=C3)S(=O)(=O)C,MNJVRJDLRVPLFE-UHFFFAOYSA-N,123619,24
PTGS2_PTGS1,valdecoxib,False,withdrawn from market in 2005,CC1=C(C(=NO1)C2=CC=CC=C2)C3=CC=C(C=C3)S(=O)(=O)N,LNPDTQAFDNKSHK-UHFFFAOYSA-N,119607,22
