case,drug,drug_key,approved,rounds,shared_atoms,shared_pct,kept,added,missing,aux_added,aux_dropped,warhead,drug_warhead,covalent_residue,anti_target_note,lead_vina,drug_vina,lead_ha,drug_ha,lead_smiles
ABL1_SRC,imatinib,imatinib,True,6,29,78.0,"aminopyrimidine (hinge), anilide / secondary amide, pyridine",primary amide,,,piperazine (solubilising),"chloroacetamide, alpha-halo carbonyl",,Cys388,SRC does not carry a cysteine here,-9.2,-9.06,53,37,CN(C)CCN(c1cc(NC(=O)c2ccc(Cc3ccccc3)cc2)cc(Nc2nccc(-c3cccnc3)n2)c1Nc1ccncc1)C(Cl)C(N)=O
ABL1_SRC,nilotinib,nilotinib,True,6,19,49.0,"aminopyrimidine (hinge), anilide / secondary amide, pyridine",primary amide,,,,"chloroacetamide, alpha-halo carbonyl",,Cys388,SRC does not carry a cysteine here,-9.2,,53,39,CN(C)CCN(c1cc(NC(=O)c2ccc(Cc3ccccc3)cc2)cc(Nc2nccc(-c3cccnc3)n2)c1Nc1ccncc1)C(Cl)C(N)=O
ABL1_SRC,dasatinib,dasatinib,True,6,10,30.0,anilide / secondary amide,"aminopyrimidine (hinge), primary amide, pyridine",,,"halogenated arene, piperazine (solubilising)","chloroacetamide, alpha-halo carbonyl",,Cys388,SRC does not carry a cysteine here,-9.2,,53,33,CN(C)CCN(c1cc(NC(=O)c2ccc(Cc3ccccc3)cc2)cc(Nc2nccc(-c3cccnc3)n2)c1Nc1ccncc1)C(Cl)C(N)=O
ABL1_SRC,ponatinib,ponatinib,True,6,16,41.0,anilide / secondary amide,"aminopyrimidine (hinge), primary amide, pyridine",,,piperazine (solubilising),"chloroacetamide, alpha-halo carbonyl",,Cys388,SRC does not carry a cysteine here,-9.2,,53,39,CN(C)CCN(c1cc(NC(=O)c2ccc(Cc3ccccc3)cc2)cc(Nc2nccc(-c3cccnc3)n2)c1Nc1ccncc1)C(Cl)C(N)=O
ABL1_SRC,bosutinib,bosutinib,True,6,13,36.0,pyridine,"aminopyrimidine (hinge), anilide / secondary amide, primary amide",nitrile,,"halogenated arene, piperazine (solubilising)","chloroacetamide, alpha-halo carbonyl",,Cys388,SRC does not carry a cysteine here,-9.2,,53,36,CN(C)CCN(c1cc(NC(=O)c2ccc(Cc3ccccc3)cc2)cc(Nc2nccc(-c3cccnc3)n2)c1Nc1ccncc1)C(Cl)C(N)=O
AKT1_AKT2,capivasertib,capivasertib,True,3,7,23.0,,pyridine,anilide / secondary amide,,"halogenated arene, piperidine",,,Cys296,,-9.77,,27,30,C(=Cc1cncc(OCCCc2c[nH]c3ccccc23)c1)c1ccncc1
AKT1_AKT2,ipatasertib,ipatasertib,False,3,6,19.0,,pyridine,,,"halogenated arene, piperazine (solubilising)",,,Cys296,,-9.77,,27,32,C(=Cc1cncc(OCCCc2c[nH]c3ccccc23)c1)c1ccncc1
BRAF_V600E,vemurafenib,vemurafenib,True,8,7,21.0,"pyridine, secondary sulfonamide","imidazole, methylsulfone, pyrazole, tetrazole (acid bioisostere)",,"piperazine (solubilising), piperidine",halogenated arene,,,,,,,64,33,CS(=O)(=O)Nc1nc(N2CC(c3nn[nH]n3)NCC2N2CCCC(N3CCC3)C2)cc(-c2nc(-c3ccc(-c4nn[nH]n4)cc3)[nH]c2-c2ccccc2)c1-c1cc[nH]c1-c1cn[nH]c1
BRAF_V600E,dabrafenib,dabrafenib,True,8,7,20.0,secondary sulfonamide,"imidazole, methylsulfone, pyrazole, pyridine, tetrazole (acid bioisostere)",,"piperazine (solubilising), piperidine",halogenated arene,,,,,,,64,35,CS(=O)(=O)Nc1nc(N2CC(c3nn[nH]n3)NCC2N2CCCC(N3CCC3)C2)cc(-c2nc(-c3ccc(-c4nn[nH]n4)cc3)[nH]c2-c2ccccc2)c1-c1cc[nH]c1-c1cn[nH]c1
BRAF_V600E,encorafenib,encorafenib,True,8,7,19.0,"methylsulfone, secondary sulfonamide","imidazole, pyrazole, pyridine, tetrazole (acid bioisostere)","aminopyrimidine (hinge), anilide / secondary amide","piperazine (solubilising), piperidine",halogenated arene,,,,,,,64,36,CS(=O)(=O)Nc1nc(N2CC(c3nn[nH]n3)NCC2N2CCCC(N3CCC3)C2)cc(-c2nc(-c3ccc(-c4nn[nH]n4)cc3)[nH]c2-c2ccccc2)c1-c1cc[nH]c1-c1cn[nH]c1
BRAF_V600E_alt,vemurafenib,vemurafenib,True,8,7,21.0,pyridine,"hydroxamic acid, imidazole, pyrazole",secondary sulfonamide,"piperazine (solubilising), piperidine",halogenated arene,,,,,-9.11,,66,33,O=C(CC1(N2CCNCC2)CCCN1c1c(CC(=O)N(O)N2CCCCC2)cc(-c2[nH]c(-c3cc(N4CCCC4)ccc3-c3cn[nH]c3)nc2-c2ccncc2)cc1OC(=O)C1CC1)NO
BRAF_V600E_alt,dabrafenib,dabrafenib,True,8,7,20.0,,"hydroxamic acid, imidazole, pyrazole, pyridine",secondary sulfonamide,"piperazine (solubilising), piperidine",halogenated arene,,,,,-9.11,,66,35,O=C(CC1(N2CCNCC2)CCCN1c1c(CC(=O)N(O)N2CCCCC2)cc(-c2[nH]c(-c3cc(N4CCCC4)ccc3-c3cn[nH]c3)nc2-c2ccncc2)cc1OC(=O)C1CC1)NO
BRAF_V600E_alt,encorafenib,encorafenib,True,8,7,19.0,,"hydroxamic acid, imidazole, pyrazole, pyridine","aminopyrimidine (hinge), anilide / secondary amide, methylsulfone, secondary sulfonamide","piperazine (solubilising), piperidine",halogenated arene,,,,,-9.11,,66,36,O=C(CC1(N2CCNCC2)CCCN1c1c(CC(=O)N(O)N2CCCCC2)cc(-c2[nH]c(-c3cc(N4CCCC4)ccc3-c3cn[nH]c3)nc2-c2ccncc2)cc1OC(=O)C1CC1)NO
CA2_CA1,acetazolamide,acetazolamide,True,8,5,38.0,primary sulfonamide (Zn binder),"methylsulfone, primary amide, secondary sulfonamide",anilide / secondary amide,,,propiolamide,,Cys206,CA1 carries Ser206,-6.95,,35,13,Cc1cc(N)c(S(N)(=O)=O)c(NS(C)(=O)=O)c1-c1cc(C#CC(N)=O)c(C2CC2)c(C)c1C(N)=O
CA2_CA1,methazolamide,methazolamide,True,8,5,36.0,primary sulfonamide (Zn binder),"methylsulfone, primary amide, secondary sulfonamide",,,,propiolamide,,Cys206,CA1 carries Ser206,-6.95,,35,14,Cc1cc(N)c(S(N)(=O)=O)c(NS(C)(=O)=O)c1-c1cc(C#CC(N)=O)c(C2CC2)c(C)c1C(N)=O
CA2_CA1,dorzolamide,dorzolamide,True,8,5,26.0,primary sulfonamide (Zn binder),"methylsulfone, primary amide, secondary sulfonamide",,,,propiolamide,,Cys206,CA1 carries Ser206,-6.95,,35,19,Cc1cc(N)c(S(N)(=O)=O)c(NS(C)(=O)=O)c1-c1cc(C#CC(N)=O)c(C2CC2)c(C)c1C(N)=O
CA2_CA1,brinzolamide,brinzolamide,True,8,5,22.0,primary sulfonamide (Zn binder),"methylsulfone, primary amide, secondary sulfonamide",,,,propiolamide,,Cys206,CA1 carries Ser206,-6.95,,35,23,Cc1cc(N)c(S(N)(=O)=O)c(NS(C)(=O)=O)c1-c1cc(C#CC(N)=O)c(C2CC2)c(C)c1C(N)=O
CDK6_CDK2,palbociclib,palbociclib,True,8,7,21.0,,"hydroxamic acid, methylsulfone, pyrazole, secondary sulfonamide, thiourea","aminopyrimidine (hinge), pyridine",piperidine,,,,,,-7.8,,61,33,CS(=O)(=O)Nc1cc(-n2nc(-c3ccc(N4CCN(c5cn[nH]c5)CC4)cc3)c(C(=O)N(C(=S)Nc3ccccc3)c3ccoc3)c2N2CCCCC2)ccc1CC(=O)NO
CDK6_CDK2,ribociclib,ribociclib,True,8,7,22.0,,"hydroxamic acid, methylsulfone, pyrazole, secondary sulfonamide, thiourea","aminopyrimidine (hinge), pyridine",piperidine,,,,,,-7.8,,61,32,CS(=O)(=O)Nc1cc(-n2nc(-c3ccc(N4CCN(c5cn[nH]c5)CC4)cc3)c(C(=O)N(C(=S)Nc3ccccc3)c3ccoc3)c2N2CCCCC2)ccc1CC(=O)NO
CDK6_CDK2,abemaciclib,abemaciclib,True,8,7,19.0,,"hydroxamic acid, methylsulfone, pyrazole, secondary sulfonamide, thiourea","aminopyrimidine (hinge), pyridine",piperidine,halogenated arene,,,,,-7.8,,61,37,CS(=O)(=O)Nc1cc(-n2nc(-c3ccc(N4CCN(c5cn[nH]c5)CC4)cc3)c(C(=O)N(C(=S)Nc3ccccc3)c3ccoc3)c2N2CCCCC2)ccc1CC(=O)NO
EGFR_T790M,gefitinib,gefitinib,True,8,17,55.0,"aminoquinazoline (hinge), quinazoline (hinge)","anilide / secondary amide, hydroxamic acid, methylsulfone, primary amide",,piperazine (solubilising),"halogenated arene, morpholine","chloroacetamide, alpha-halo carbonyl",,Cys797,the reference also targets Cys797,-9.2,-8.32,59,31,CS(=O)(=O)N(OC(=O)C1CC1)N1CCN(c2nc(Nc3ccc(C(Cl)C(=O)NCC(=O)NO)cc3)c3c(-c4ccoc4)ccc(C(Cl)C(N)=O)c3n2)CC1N1CCCC1
EGFR_T790M,erlotinib,erlotinib,True,8,17,59.0,"aminoquinazoline (hinge), quinazoline (hinge)","anilide / secondary amide, hydroxamic acid, methylsulfone, primary amide",,piperazine (solubilising),,"chloroacetamide, alpha-halo carbonyl",,Cys797,the reference also targets Cys797,-9.2,-7.9,59,29,CS(=O)(=O)N(OC(=O)C1CC1)N1CCN(c2nc(Nc3ccc(C(Cl)C(=O)NCC(=O)NO)cc3)c3c(-c4ccoc4)ccc(C(Cl)C(N)=O)c3n2)CC1N1CCCC1
EGFR_T790M,afatinib,afatinib,True,8,17,50.0,"aminoquinazoline (hinge), anilide / secondary amide, quinazoline (hinge)","hydroxamic acid, methylsulfone, primary amide",,piperazine (solubilising),halogenated arene,"chloroacetamide, alpha-halo carbonyl",acrylamide,Cys797,the reference also targets Cys797,-9.2,-7.94,59,34,CS(=O)(=O)N(OC(=O)C1CC1)N1CCN(c2nc(Nc3ccc(C(Cl)C(=O)NCC(=O)NO)cc3)c3c(-c4ccoc4)ccc(C(Cl)C(N)=O)c3n2)CC1N1CCCC1
EGFR_T790M,osimertinib,osimertinib,True,8,8,22.0,anilide / secondary amide,"aminoquinazoline (hinge), hydroxamic acid, methylsulfone, primary amide, quinazoline (hinge)",aminopyrimidine (hinge),piperazine (solubilising),,"chloroacetamide, alpha-halo carbonyl",acrylamide,Cys797,the reference also targets Cys797,-9.2,-6.85,59,37,CS(=O)(=O)N(OC(=O)C1CC1)N1CCN(c2nc(Nc3ccc(C(Cl)C(=O)NCC(=O)NO)cc3)c3c(-c4ccoc4)ccc(C(Cl)C(N)=O)c3n2)CC1N1CCCC1
EGFR_T790M,dacomitinib,dacomitinib,True,8,17,52.0,"aminoquinazoline (hinge), anilide / secondary amide, quinazoline (hinge)","hydroxamic acid, methylsulfone, primary amide",,piperazine (solubilising),"halogenated arene, piperidine","chloroacetamide, alpha-halo carbonyl",acrylamide,Cys797,the reference also targets Cys797,-9.2,-9.48,59,33,CS(=O)(=O)N(OC(=O)C1CC1)N1CCN(c2nc(Nc3ccc(C(Cl)C(=O)NCC(=O)NO)cc3)c3c(-c4ccoc4)ccc(C(Cl)C(N)=O)c3n2)CC1N1CCCC1
EGFR_T790M,neratinib,neratinib,True,8,8,20.0,anilide / secondary amide,"aminoquinazoline (hinge), hydroxamic acid, methylsulfone, primary amide, quinazoline (hinge)","nitrile, pyridine",piperazine (solubilising),halogenated arene,"chloroacetamide, alpha-halo carbonyl",acrylamide,Cys797,the reference also targets Cys797,-9.2,-5.81,59,40,CS(=O)(=O)N(OC(=O)C1CC1)N1CCN(c2nc(Nc3ccc(C(Cl)C(=O)NCC(=O)NO)cc3)c3c(-c4ccoc4)ccc(C(Cl)C(N)=O)c3n2)CC1N1CCCC1
JAK2_JAK1,ruxolitinib,ruxolitinib,True,8,7,30.0,,"hydroxamic acid, pyridine",nitrile,piperazine (solubilising),,,,,,-9.43,,64,23,CC(C)CC1NCCN(c2ncc3c(nc(C(C(=O)NO)N4CCC4)n3-c3nc(NCc4cccc(-c5cc[nH]c5)c4)cc(-c4ccccc4)n3)c2-c2ccsc2)C1c1ccncc1
JAK2_JAK1,baricitinib,baricitinib,True,8,7,27.0,,"hydroxamic acid, pyridine",nitrile,piperazine (solubilising),,,,,,-9.43,,64,26,CC(C)CC1NCCN(c2ncc3c(nc(C(C(=O)NO)N4CCC4)n3-c3nc(NCc4cccc(-c5cc[nH]c5)c4)cc(-c4ccccc4)n3)c2-c2ccsc2)C1c1ccncc1
JAK2_JAK1,fedratinib,fedratinib,True,8,7,19.0,,"hydroxamic acid, pyridine","aminopyrimidine (hinge), secondary sulfonamide",piperazine (solubilising),,,,,,-9.43,,64,37,CC(C)CC1NCCN(c2ncc3c(nc(C(C(=O)NO)N4CCC4)n3-c3nc(NCc4cccc(-c5cc[nH]c5)c4)cc(-c4ccccc4)n3)c2-c2ccsc2)C1c1ccncc1
JAK2_JAK1,tofacitinib,tofacitinib,True,8,8,35.0,,"hydroxamic acid, pyridine",nitrile,piperazine (solubilising),piperidine,,,,,-9.43,-7.87,64,23,CC(C)CC1NCCN(c2ncc3c(nc(C(C(=O)NO)N4CCC4)n3-c3nc(NCc4cccc(-c5cc[nH]c5)c4)cc(-c4ccccc4)n3)c2-c2ccsc2)C1c1ccncc1
KRAS_G12C,sotorasib,sotorasib,True,8,7,17.0,,"anilide / secondary amide, hydroxamic acid, nitrile, tetrazole (acid bioisostere)","phenol, pyridine",,"halogenated arene, piperazine (solubilising)",acrylonitrile,acrylamide,Cys12,Cys12 is the G12C mutation itself,-8.4,,94,41,C=C(C#N)C1CCC2C(=O)NCC(=O)NC(Cc3cc(CC(=O)NO)ccc3OC(=O)C3CC3)C(=O)NCC(=O)NCC(=O)N(N3CCC3)C(Cc3cccc(N4CCCC4)c3)C(=O)NCC(=O)N3CCCC3C(=O)NCC(=O)N(c3nn[nH]n3)CCSSCCC(=O)N12
KRAS_G12C,adagrasib,adagrasib,True,8,7,16.0,nitrile,"anilide / secondary amide, hydroxamic acid, tetrazole (acid bioisostere)",,,"halogenated arene, piperazine (solubilising)",acrylonitrile,"acrylamide, alpha-halo carbonyl",Cys12,Cys12 is the G12C mutation itself,-8.4,,94,43,C=C(C#N)C1CCC2C(=O)NCC(=O)NC(Cc3cc(CC(=O)NO)ccc3OC(=O)C3CC3)C(=O)NCC(=O)NCC(=O)N(N3CCC3)C(Cc3cccc(N4CCCC4)c3)C(=O)NCC(=O)N3CCCC3C(=O)NCC(=O)N(c3nn[nH]n3)CCSSCCC(=O)N12
PARP1_PARP2,olaparib,olaparib,True,8,8,25.0,,"anilide / secondary amide, pyrazole, pyridine, tetrazole (acid bioisostere)",,,halogenated arene,,,Cys908,,-10.29,,63,32,O=C(OC1CN(C(=O)C(NC(=O)C(Cn2c3c(c(=O)[nH]c2=O)CSC(c2cn[nH]c2)(c2nn[nH]n2)C3)N2CCNCC2)c2nn[nH]n2)CC(N2CCC2)N1c1ccccn1)C1CC1
PARP1_PARP2,niraparib,niraparib,True,8,6,25.0,,"anilide / secondary amide, pyrazole, pyridine, tetrazole (acid bioisostere)",primary amide,piperazine (solubilising),piperidine,,,Cys908,,-10.29,,63,24,O=C(OC1CN(C(=O)C(NC(=O)C(Cn2c3c(c(=O)[nH]c2=O)CSC(c2cn[nH]c2)(c2nn[nH]n2)C3)N2CCNCC2)c2nn[nH]n2)CC(N2CCC2)N1c1ccccn1)C1CC1
PARP1_PARP2,rucaparib,rucaparib,True,8,4,17.0,anilide / secondary amide,"pyrazole, pyridine, tetrazole (acid bioisostere)",,piperazine (solubilising),halogenated arene,,,Cys908,,-10.29,,63,24,O=C(OC1CN(C(=O)C(NC(=O)C(Cn2c3c(c(=O)[nH]c2=O)CSC(c2cn[nH]c2)(c2nn[nH]n2)C3)N2CCNCC2)c2nn[nH]n2)CC(N2CCC2)N1c1ccccn1)C1CC1
PARP1_PARP2,talazoparib,talazoparib,True,8,6,21.0,,"anilide / secondary amide, pyrazole, pyridine, tetrazole (acid bioisostere)",,piperazine (solubilising),halogenated arene,,,Cys908,,-10.29,,63,28,O=C(OC1CN(C(=O)C(NC(=O)C(Cn2c3c(c(=O)[nH]c2=O)CSC(c2cn[nH]c2)(c2nn[nH]n2)C3)N2CCNCC2)c2nn[nH]n2)CC(N2CCC2)N1c1ccccn1)C1CC1
PIK3CA_PIK3CD,alpelisib,alpelisib,True,8,6,20.0,,"hydroxamic acid, tetrazole (acid bioisostere)","anilide / secondary amide, primary amide, pyridine, urea",piperidine,,acrylamide,,,,-10.66,,54,30,O=C1SC(=Cc2oc(-c3ccc(N4CC(N5CCCCC5)C4)c(N4CCC4)c3)cc2-c2coc(CC(=O)N(O)N3CCCCC3)c2)C(=O)N1c1nn[nH]n1
PIK3CA_PIK3CD,idelalisib,idelalisib,True,8,7,23.0,,"hydroxamic acid, tetrazole (acid bioisostere)","imidazole, quinazoline (hinge)",piperidine,halogenated arene,acrylamide,,,,-10.66,,54,31,O=C1SC(=Cc2oc(-c3ccc(N4CC(N5CCCCC5)C4)c(N4CCC4)c3)cc2-c2coc(CC(=O)N(O)N3CCCCC3)c2)C(=O)N1c1nn[nH]n1
PIK3CA_PIK3CD,duvelisib,duvelisib,True,8,7,23.0,,"hydroxamic acid, tetrazole (acid bioisostere)","imidazole, pyridine",piperidine,halogenated arene,acrylamide,,,,-10.66,,54,30,O=C1SC(=Cc2oc(-c3ccc(N4CC(N5CCCCC5)C4)c(N4CCC4)c3)cc2-c2coc(CC(=O)N(O)N3CCCCC3)c2)C(=O)N1c1nn[nH]n1
PIK3CA_PIK3CD,copanlisib,copanlisib,True,8,6,17.0,,"hydroxamic acid, tetrazole (acid bioisostere)","aminoquinazoline (hinge), quinazoline (hinge)",piperidine,morpholine,acrylamide,,,,-10.66,,54,35,O=C1SC(=Cc2oc(-c3ccc(N4CC(N5CCCCC5)C4)c(N4CCC4)c3)cc2-c2coc(CC(=O)N(O)N3CCCCC3)c2)C(=O)N1c1nn[nH]n1
PTGS2_PTGS1,celecoxib,celecoxib,True,8,9,35.0,,"methylsulfone, nitrile",primary sulfonamide (Zn binder),,,,,,,-3.39,,33,26,CCc1cc(-c2cc(OC)c(S(C)(=O)=O)cc2C#N)n(-c2cccc(N(C)S(C)(=O)=O)c2)c1
PTGS2_PTGS1,rofecoxib,rofecoxib,False,8,11,50.0,methylsulfone,nitrile,,,,,acrylate ester,,,-3.39,,33,22,CCc1cc(-c2cc(OC)c(S(C)(=O)=O)cc2C#N)n(-c2cccc(N(C)S(C)(=O)=O)c2)c1
PTGS2_PTGS1,etoricoxib,etoricoxib,True,8,11,46.0,methylsulfone,nitrile,pyridine,,halogenated arene,,,,,-3.39,,33,24,CCc1cc(-c2cc(OC)c(S(C)(=O)=O)cc2C#N)n(-c2cccc(N(C)S(C)(=O)=O)c2)c1
PTGS2_PTGS1,valdecoxib,valdecoxib,False,8,10,45.0,,"methylsulfone, nitrile",primary sulfonamide (Zn binder),,,,,,,-3.39,,33,22,CCc1cc(-c2cc(OC)c(S(C)(=O)=O)cc2C#N)n(-c2cccc(N(C)S(C)(=O)=O)c2)c1
